"Reference","Source Document","Status"
"INT/220444420","PRO Adjust Kuse W51 - MO/220056276","Ready"
"INT/200068021","MO/200021345","Ready"
"INT/200089572","MO/200027346","Ready"
"INT/200101083","MO/200029958","Ready"
"INT/200101084","MO/200029959","Ready"
"INT/200116786","MO/200033331","Ready"
"INT/200129659","MO/200036005","Ready"
"INT/210000011","MO/210000011","Ready"
"INT/210002564","MO/210000870","Ready"
"INT/210002598","MO/210000903","Ready"
"INT/210043083","MO/210009252","Waiting"
"INT/210074969","MO/210016889","Ready"
"INT/210078672","MO/210017834","Ready"
"INT/210094783","MO/210021677","Ready"
"INT/210094785","MO/210021678","Ready"
"INT/210119510","MO/210026038","Ready"
"INT/210127581","MO/210027059","Ready"
"INT/210147002","MO/210029958","Ready"
"INT/210195364","MO/210029965","Ready"
"INT/210150912","MO/210030824","Ready"
"INT/210170184","MO/210031829","Ready"
"INT/210169423","MO/210032906","Ready"
"INT/210178385","MO/210033049","Waiting"
"INT/210180048","MO/210033055","Ready"
"INT/210181775","MO/210033065","Ready"
"INT/210181785","MO/210033143","Ready"
"INT/210178383","MO/210033240","Waiting"
"INT/210187432","MO/210033246","Ready"
"INT/210176366","MO/210033266","Ready"
"INT/210190171","MO/210033298","Ready"
"INT/210183411","MO/210034031","Ready"
"INT/210183567","MO/210034248","Ready"
"INT/210199339","MO/210035084","Ready"
"INT/210194070","MO/210035218","Ready"
"INT/210191657","MO/210035242","Ready"
"INT/210205212","MO/210035895","Ready"
"INT/210196611","MO/210035952","Ready"
"INT/210217957","MO/210035987","Ready"
"INT/210213517","MO/210036895","Ready"
"INT/210219007","MO/210037264","Ready"
"INT/210216092","MO/210037349","Waiting"
"INT/210226350","MO/210038062","Ready"
"INT/210228182","MO/210038073","Ready"
"INT/210230023","MO/210038075","Ready"
"INT/210232579","MO/210038078","Ready"
"INT/210230058","MO/210038077","Ready"
"INT/210236802","MO/210038080","Ready"
"INT/210223301","MO/210038122","Ready"
"INT/210232893","MO/210038225","Ready"
"INT/210238866","MO/210038887","Ready"
"INT/210237873","MO/210038920","Ready"
"INT/210237888","MO/210038924","Ready"
"INT/210230698","MO/210038946","Ready"
"INT/210239442","MO/210039041","Ready"
"INT/210237157","MO/210039056","Ready"
"INT/210236308","MO/210039063","Ready"
"INT/210236541","MO/210039067","Ready"
"INT/210248927","MO/210039084","Ready"
"INT/210245234","MO/210039104","Ready"
"INT/210242275","MO/210039111","Ready"
"INT/210238823","MO/210039237","Ready"
"INT/210239888","MO/210039778","Ready"
"INT/210250114","MO/210039955","Ready"
"INT/210244696","MO/210040127","Ready"
"INT/210256868","MO/210040786","Ready"
"INT/210250333","MO/210040849","Ready"
"INT/210250031","MO/210041133","Ready"
"INT/210254104","MO/210041158","Ready"
"INT/210250750","MO/210041230","Ready"
"INT/210251846","MO/210041239","Ready"
"INT/210252378","MO/210041245","Ready"
"INT/210254054","MO/210041396","Waiting"
"INT/210254105","MO/210041877","Ready"
"INT/210253985","MO/210041882","Ready"
"INT/210258093","MO/210041883","Ready"
"INT/210264891","MO/210041955","Ready"
"INT/210263214","MO/210042298","Ready"
"INT/210263056","MO/210042347","Ready"
"INT/210264338","MO/210042767","Ready"
"INT/210269680","MO/210042949","Ready"
"INT/210268692","MO/210043116","Ready"
"INT/210270324","MO/210043255","Ready"
"INT/210267380","MO/210043285","Ready"
"INT/210267555","MO/210043294","Ready"
"INT/210267674","MO/210043307","Ready"
"INT/210273555","MO/210043554","Ready"
"INT/210271066","MO/210044028","Ready"
"INT/210275516","MO/210044041","Ready"
"INT/210277705","MO/210044187","Ready"
"INT/210277415","MO/210044284","Ready"
"INT/210284059","MO/210044635","Ready"
"INT/210291572","MO/210045339","Ready"
"INT/210289509","MO/210045363","Ready"
"INT/210294103","MO/210045376","Ready"
"INT/210289933","MO/210045469","Ready"
"INT/210285702","MO/210045526","Ready"
"INT/210302334","MO/210048099","Ready"
"INT/210315935","MO/210050099","Waiting"
"INT/210322253","MO/210051296","Waiting"
"INT/220405945","MO/220052998","Ready"
"INT/220414847","MO/220053456","Ready"
"INT/220413850","MO/220053792","Ready"
"INT/220416587","MO/220053798","Ready"
"INT/220416590","MO/220053804","Ready"
"INT/220413857","MO/220053848","Ready"
"INT/220422451","MO/220053936","Ready"
"INT/220420649","MO/220053941","Ready"
"INT/220421180","MO/220053945","Ready"
"INT/220409882","MO/220053960","Ready"
"INT/220409883","MO/220053961","Ready"
"INT/220409884","MO/220053962","Ready"
"INT/220409885","MO/220053963","Ready"
"INT/220427194","MO/220054456","Ready"
"INT/220431737","MO/220054466","Ready"
"INT/220429917","MO/220054469","Ready"
"INT/220418586","MO/220054887","Ready"
"INT/220422431","MO/220055111","Ready"
"INT/220424371","MO/220055201","Ready"
"INT/220429452","MO/220056124","Ready"
"INT/220429576","MO/220056235","Ready"
"INT/220440118","MO/220057147","Ready"
"INT/220443659","MO/220057234","Ready"
"INT/220443357","MO/220057235","Ready"
"INT/220443449","MO/220057237","Ready"
"INT/220451804","MO/220057304","Ready"
"INT/220450672","MO/220057318","Ready"
"INT/230000925","MO/220057786","Ready"
"INT/230000930","MO/220057788","Ready"
"INT/220455063","MO/220058004","Ready"
"INT/220455029","MO/220058008","Ready"
"INT/230003548","MO/220058020","Ready"
"INT/230001568","MO/220058019","Ready"
"INT/230002563","MO/220058036","Ready"
"INT/230001759","MO/220058051","Ready"
"INT/230001579","MO/220058050","Ready"
"INT/230003589","MO/220058052","Ready"
"INT/230004762","MO/220058055","Ready"
"INT/230007337","MO/220058063","Ready"
"INT/230008179","MO/220058075","Ready"
"INT/230006613","MO/220058081","Ready"
"INT/230009252","MO/220058082","Waiting"
"INT/230008381","MO/220058087","Ready"
"INT/230008184","MO/220058090","Ready"
"INT/230008311","MO/220058095","Ready"
"INT/230010686","MO/220058096","Ready"
"INT/230010803","MO/220058097","Ready"
"INT/230010696","MO/220058099","Ready"
"INT/230012332","MO/220058100","Ready"
"INT/230000578","MO/220058480","Ready"
"INT/220452393","MO/220058758","Ready"
"INT/230002634","MO/220058798","Ready"
"INT/230003497","MO/220058801","Ready"
"INT/230015484","MO/220058806","Ready"
"INT/230011791","MO/220058808","Ready"
"INT/230011993","MO/220058849","Ready"
"INT/230002730","MO/220058901","Ready"
"INT/230001781","MO/220058909","Ready"
"INT/230003468","MO/220058911","Ready"
"INT/230001502","MO/220058916","Ready"
"INT/230001619","MO/220058918","Ready"
"INT/230009314","MO/220058933","Ready"
"INT/230005699","MO/220058951","Ready"
"INT/230008335","MO/220058974","Ready"
"INT/230009125","MO/220058976","Ready"
"INT/230009272","MO/220058977","Ready"
"INT/230011774","MO/220058984","Ready"
"INT/230011775","MO/220058988","Ready"
"INT/230000013","MO/230000008","Ready"
"INT/230000014","MO/230000009","Ready"
"INT/230000015","MO/230000010","Ready"
"INT/230002626","MO/230000103","Ready"
"INT/230004747","MO/230000121","Ready"
"INT/230004788","MO/230000122","Ready"
"INT/230004712","MO/230000125","Ready"
"INT/230002656","MO/230000135","Ready"
"INT/230046612","MO/230000139","Ready"
"INT/230005577","MO/230000151","Ready"
"INT/230002797","MO/230000162","Ready"
"INT/230012019","MO/230000600","Waiting"
"INT/230012766","MO/230000612","Waiting"
"INT/230014292","MO/230000613","Ready"
"INT/230014536","MO/230000630","Ready"
"INT/230016542","MO/230000632","Ready"
"INT/230026764","MO/230000634","Ready"
"INT/230007699","MO/230000881","Ready"
"INT/230007704","MO/230000884","Ready"
"INT/230008241","MO/230000897","Ready"
"INT/230008249","MO/230000901","Ready"
"INT/230013148","MO/230000929","Ready"
"INT/230011792","MO/230000928","Ready"
"INT/230011092","MO/230000931","Ready"
"INT/230011834","MO/230000934","Ready"
"INT/230011789","MO/230000937","Ready"
"INT/230014738","MO/230000944","Ready"
"INT/230014556","MO/230000943","Ready"
"INT/230012606","MO/230000948","Ready"
"INT/230011799","MO/230000947","Ready"
"INT/230011099","MO/230000951","Ready"
"INT/230011087","MO/230000953","Ready"
"INT/230015721","MO/230000954","Ready"
"INT/230011794","MO/230000955","Ready"
"INT/230011790","MO/230000956","Ready"
"INT/230017354","MO/230000958","Ready"
"INT/230014413","MO/230000961","Ready"
"INT/230036410","MO/230000965","Ready"
"INT/230020473","MO/230000969","Ready"
"INT/230014845","MO/230000972","Ready"
"INT/230017326","MO/230000975","Ready"
"INT/230019104","MO/230000985","Ready"
"INT/230017469","MO/230000986","Ready"
"INT/230017399","MO/230000992","Ready"
"INT/230017447","MO/230000996","Ready"
"INT/230017044","MO/230001002","Ready"
"INT/230017118","MO/230001005","Ready"
"INT/230049631","MO/230001007","Ready"
"INT/230016462","MO/230001015","Ready"
"INT/230036460","MO/230001018","Ready"
"INT/230016447","MO/230001021","Ready"
"INT/230016440","MO/230001024","Ready"
"INT/230019102","MO/230001026","Ready"
"INT/230016479","MO/230001027","Ready"
"INT/230017530","MO/230001028","Waiting"
"INT/230019099","MO/230001031","Ready"
"INT/230024284","MO/230001032","Ready"
"INT/230020470","MO/230001033","Ready"
"INT/230012847","MO/230001038","Ready"
"INT/230019210","MO/230001051","Ready"
"INT/230014254","MO/230001056","Ready"
"INT/230019166","MO/230001058","Ready"
"INT/230019170","MO/230001059","Ready"
"INT/230019103","MO/230001064","Ready"
"INT/230017750","MO/230001066","Waiting"
"INT/230016633","MO/230001068","Ready"
"INT/230020445","MO/230001077","Ready"
"INT/230020419","MO/230001079","Ready"
"INT/230021387","MO/230001082","Ready"
"INT/230022642","MO/230001095","Ready"
"INT/230024134","MO/230001103","Ready"
"INT/230009441","MO/230001109","Ready"
"INT/230010046","MO/230001139","Ready"
"INT/230010047","MO/230001140","Ready"
"INT/230010060","MO/230001151","Ready"
"INT/230012168","MO/230001168","Ready"
"INT/230012179","MO/230001179","Ready"
"INT/230022002","MO/230001198","Ready"
"INT/230019374","MO/230001197","Ready"
"INT/230019373","MO/230001199","Ready"
"INT/230021317","MO/230001200","Ready"
"INT/230019191","MO/230001204","Ready"
"INT/230019281","MO/230001208","Ready"
"INT/230020483","MO/230001210","Ready"
"INT/230019375","MO/230001212","Ready"
"INT/230021999","MO/230001219","Ready"
"INT/230022717","MO/230001223","Ready"
"INT/230021490","MO/230001222","Ready"
"INT/230021514","MO/230001230","Ready"
"INT/230021234","MO/230001231","Ready"
"INT/230021447","MO/230001232","Ready"
"INT/230022294","MO/230001233","Ready"
"INT/230021480","MO/230001234","Ready"
"INT/230024200","MO/230001238","Ready"
"INT/230024208","MO/230001239","Ready"
"INT/230026127","MO/230001242","Ready"
"INT/230014534","MO/230001264","Ready"
"INT/230015513","MO/230001265","Ready"
"INT/230014619","MO/230001298","Ready"
"INT/230021227","MO/230001319","Ready"
"INT/230017845","MO/230001329","Ready"
"INT/230022269","MO/230001450","Ready"
"INT/230019613","MO/230002136","Ready"
"INT/230019615","MO/230002138","Ready"
"INT/230026994","MO/230002173","Ready"
"INT/230019920","MO/230002193","Ready"
"INT/230027227","MO/230002218","Ready"
"INT/230020930","MO/230002299","Ready"
"INT/230020957","MO/230002304","Ready"
"INT/230020959","MO/230002306","Ready"
"INT/230021005","MO/230002330","Ready"
"INT/230021021","MO/230002335","Ready"
"INT/230021026","MO/230002339","Ready"
"INT/230026965","MO/230002367","Ready"
"INT/230027083","MO/230002371","Ready"
"INT/230025406","MO/230002372","Ready"
"INT/230030482","MO/230002380","Ready"
"INT/230026960","MO/230002381","Ready"
"INT/230029203","MO/230002382","Ready"
"INT/230028944","MO/230002385","Ready"
"INT/230030110","MO/230002391","Ready"
"INT/230034359","MO/230002396","Ready"
"INT/230035501","MO/230002405","Ready"
"INT/230030480","MO/230002404","Ready"
"INT/230030172","MO/230002417","Ready"
"INT/230027114","MO/230002457","Ready"
"INT/230034203","MO/230002463","Ready"
"INT/230027962","MO/230002464","Ready"
"INT/230032906","MO/230002489","Ready"
"INT/230032104","MO/230002490","Ready"
"INT/230032142","MO/230002502","Ready"
"INT/230034391","MO/230002506","Ready"
"INT/230037333","MO/230002509","Ready"
"INT/230036999","MO/230002508","Ready"
"INT/230035637","MO/230002516","Ready"
"INT/230034344","MO/230002518","Ready"
"INT/230022982","MO/230002528","Ready"
"INT/230023880","MO/230003162","Ready"
"INT/230023879","MO/230003161","Ready"
"INT/230028994","MO/230003226","Ready"
"INT/230029984","MO/230003229","Ready"
"INT/230029007","MO/230003232","Ready"
"INT/230032025","MO/230003233","Ready"
"INT/230032081","MO/230003235","Ready"
"INT/230037000","MO/230003260","Ready"
"INT/230036980","MO/230003272","Ready"
"INT/230033653","MO/230003302","Ready"
"INT/230036393","MO/230003305","Ready"
"INT/230036400","MO/230003320","Ready"
"INT/230034645","MO/230003321","Ready"
"INT/230036406","MO/230003323","Ready"
"INT/230036396","MO/230003327","Ready"
"INT/230036394","MO/230003328","Ready"
"INT/230036397","MO/230003329","Ready"
"INT/230036450","MO/230003332","Ready"
"INT/230036439","MO/230003334","Waiting"
"INT/230036454","MO/230003338","Ready"
"INT/230026665","MO/230003349","Ready"
"INT/230028497","MO/230003411","Ready"
"INT/230028500","MO/230003413","Ready"
"INT/230028502","MO/230003415","Ready"
"INT/230028504","MO/230003417","Ready"
"INT/230028503","MO/230003416","Ready"
"INT/230028505","MO/230003418","Ready"
"INT/230028507","MO/230003419","Ready"
"INT/230030027","MO/230003435","Ready"
"INT/230030028","MO/230003437","Ready"
"INT/230036455","MO/230003439","Ready"
"INT/230031201","MO/230003526","Ready"
"INT/230036456","MO/230003552","Ready"
"INT/230037351","MO/230003588","Ready"
"INT/230037127","MO/230003597","Ready"
"INT/230037090","MO/230003600","Ready"
"INT/230032976","MO/230003630","Ready"
"INT/230032975","MO/230003629","Ready"
"INT/230032978","MO/230003632","Ready"
"INT/230032977","MO/230003631","Ready"
"INT/230033182","MO/230003640","Ready"
"INT/230033192","MO/230003643","Ready"
"INT/230033217","MO/230003657","Ready"
"INT/230038763","MO/230003673","Ready"
"INT/230038702","MO/230003674","Ready"
"INT/230033288","MO/230003677","Ready"
"INT/230033302","MO/230003679","Ready"
"INT/230033304","MO/230003680","Ready"
"INT/230033348","MO/230003687","Ready"
"INT/230033425","MO/230003694","Ready"
"INT/230033424","MO/230003693","Ready"
"INT/230033427","MO/230003696","Ready"
"INT/230033426","MO/230003695","Ready"
"INT/230033818","MO/230003718","Ready"
"INT/230033827","MO/230003721","Ready"
"INT/230033828","MO/230003722","Ready"
"INT/230033899","MO/230003729","Ready"
"INT/230033901","MO/230003730","Ready"
"INT/230036407","MO/230003734","Ready"
"INT/230036435","MO/230003736","Ready"
"INT/230037330","MO/230003737","Ready"
"INT/230036420","MO/230003739","Ready"
"INT/230036432","MO/230003741","Ready"
"INT/230037352","MO/230003742","Ready"
"INT/230036876","MO/230003744","Ready"
"INT/230036459","MO/230003746","Ready"
"INT/230037331","MO/230003748","Ready"
"INT/230036893","MO/230003750","Ready"
"INT/230036418","MO/230003751","Ready"
"INT/230036433","MO/230003752","Ready"
"INT/230036414","MO/230003754","Ready"
"INT/230037889","MO/230003773","Ready"
"INT/230038490","MO/230003776","Ready"
"INT/230039482","MO/230003784","Ready"
"INT/230040826","MO/230003790","Ready"
"INT/230036956","MO/230003795","Ready"
"INT/230037874","MO/230003807","Waiting"
"INT/230037186","MO/230003810","Ready"
"INT/230048910","MO/230003814","Ready"
"INT/230038123","MO/230003833","Ready"
"INT/230034681","MO/230003844","Ready"
"INT/230034680","MO/230003843","Ready"
"INT/230034682","MO/230003845","Ready"
"INT/230034684","MO/230003847","Ready"
"INT/230034683","MO/230003846","Ready"
"INT/230034685","MO/230003848","Ready"
"INT/230034686","MO/230003849","Ready"
"INT/230034687","MO/230003850","Ready"
"INT/230034689","MO/230003852","Ready"
"INT/230034688","MO/230003851","Ready"
"INT/230034690","MO/230003853","Ready"
"INT/230034691","MO/230003854","Ready"
"INT/230034716","MO/230003870","Ready"
"INT/230034864","MO/230003872","Ready"
"INT/230034973","MO/230003875","Ready"
"INT/230035028","MO/230003879","Ready"
"INT/230041019","MO/230003906","Ready"
"INT/230042652","MO/230003907","Ready"
"INT/230040856","MO/230003913","Ready"
"INT/230035807","MO/230003928","Ready"
"INT/230035808","MO/230003929","Ready"
"INT/230036429","MO/230003950","Ready"
"INT/230036471","MO/230003956","Ready"
"INT/230036476","MO/230003961","Ready"
"INT/230040663","MO/230003975","Ready"
"INT/230039661","MO/230003979","Ready"
"INT/230040664","MO/230003981","Ready"
"INT/230039710","MO/230003982","Ready"
"INT/230044517","MO/230003986","Ready"
"INT/230042354","MO/230004000","Ready"
"INT/230041105","MO/230004001","Ready"
"INT/230044039","MO/230004007","Ready"
"INT/230042336","MO/230004009","Ready"
"INT/230046488","MO/230004028","Ready"
"INT/230044224","MO/230004035","Ready"
"INT/230045642","MO/230004036","Ready"
"INT/230036692","MO/230004046","Ready"
"INT/230036981","MO/230004074","Ready"
"INT/230036985","MO/230004078","Ready"
"INT/230036986","MO/230004079","Ready"
"INT/230036987","MO/230004080","Ready"
"INT/230036988","MO/230004081","Ready"
"INT/230036994","MO/230004086","Ready"
"INT/230036996","MO/230004087","Ready"
"INT/230036998","MO/230004088","Ready"
"INT/230037020","MO/230004101","Ready"
"INT/230042624","MO/230004102","Ready"
"INT/230037304","MO/230004116","Ready"
"INT/230042682","MO/230004117","Ready"
"INT/230037448","MO/230004122","Ready"
"INT/230048032","MO/230004125","Ready"
"INT/230037477","MO/230004124","Ready"
"INT/230045417","MO/230004130","Ready"
"INT/230038528","MO/230004147","Ready"
"INT/230039801","MO/230004148","Ready"
"INT/230041359","MO/230004191","Ready"
"INT/230041361","MO/230004192","Ready"
"INT/230041365","MO/230004193","Ready"
"INT/230041370","MO/230004194","Ready"
"INT/230041373","MO/230004195","Ready"
"INT/230041375","MO/230004196","Ready"
"INT/230041377","MO/230004197","Ready"
"INT/230041379","MO/230004198","Ready"
"INT/230048102","MO/230004349","Ready"
"INT/230047003","MO/230004350","Ready"
"INT/230046916","MO/230004352","Ready"
"INT/230046756","MO/230004351","Ready"
"INT/230046471","MO/230004353","Ready"
"INT/230049585","MO/230004354","Ready"
"INT/230050128","MO/230004355","Ready"
"INT/230048615","MO/230004357","Ready"
"INT/230050127","MO/230004359","Ready"
"INT/230050288","MO/230004361","Ready"
"INT/230042533","MO/230004362","Ready"
"INT/230047934","MO/230004364","Ready"
"INT/230047942","MO/230004366","Ready"
"INT/230042538","MO/230004367","Ready"
"INT/230046807","MO/230004369","Ready"
"INT/230048322","MO/230004371","Ready"
"INT/230047945","MO/230004372","Ready"
"INT/230046743","MO/230004370","Ready"
"INT/230049602","MO/230004373","Ready"
"INT/230042560","MO/230004375","Ready"
"INT/230042559","MO/230004374","Ready"
"INT/230042562","MO/230004377","Ready"
"INT/230042561","MO/230004376","Ready"
"INT/230042575","MO/230004380","Ready"
"INT/230042574","MO/230004379","Ready"
"INT/230049642","MO/230004381","Ready"
"INT/230042578","MO/230004383","Ready"
"INT/230042577","MO/230004382","Ready"
"INT/230042579","MO/230004384","Ready"
"INT/230042581","MO/230004385","Ready"
"INT/230042580","MO/230004386","Ready"
"INT/230042587","MO/230004388","Ready"
"INT/230042586","MO/230004387","Ready"
"INT/230042589","MO/230004390","Ready"
"INT/230042588","MO/230004389","Ready"
"INT/230042593","MO/230004393","Ready"
"INT/230042591","MO/230004391","Ready"
"INT/230042590","MO/230004392","Ready"
"INT/230042595","MO/230004395","Ready"
"INT/230042602","MO/230004396","Ready"
"INT/230042603","MO/230004398","Ready"
"INT/230042605","MO/230004399","Ready"
"INT/230042604","MO/230004400","Ready"
"INT/230042607","MO/230004402","Ready"
"INT/230042606","MO/230004401","Ready"
"INT/230042609","MO/230004403","Ready"
"INT/230042610","MO/230004404","Ready"
"INT/230042626","MO/230004405","Ready"
"INT/230042628","MO/230004407","Ready"
"INT/230042627","MO/230004406","Ready"
"INT/230042636","MO/230004411","Ready"
"INT/230042635","MO/230004410","Ready"
"INT/230042637","MO/230004412","Ready"
"INT/230042649","MO/230004413","Ready"
"INT/230042650","MO/230004414","Ready"
"INT/230042651","MO/230004415","Ready"
"INT/230042656","MO/230004416","Ready"
"INT/230042658","MO/230004418","Ready"
"INT/230042657","MO/230004417","Ready"
"INT/230042659","MO/230004419","Ready"
"INT/230042661","MO/230004421","Ready"
"INT/230042662","MO/230004422","Ready"
"INT/230042667","MO/230004423","Ready"
"INT/230042670","MO/230004426","Ready"
"INT/230042669","MO/230004425","Ready"
"INT/230042668","MO/230004424","Ready"
"INT/230042676","MO/230004429","Ready"
"INT/230042674","MO/230004427","Ready"
"INT/230042678","MO/230004431","Ready"
"INT/230042677","MO/230004430","Ready"
"INT/230042679","MO/230004432","Ready"
"INT/230042685","MO/230004435","Ready"
"INT/230042684","MO/230004434","Ready"
"INT/230042686","MO/230004436","Ready"
"INT/230042687","MO/230004437","Ready"
"INT/230042689","MO/230004439","Ready"
"INT/230042688","MO/230004438","Ready"
"INT/230042690","MO/230004440","Ready"
"INT/230042691","MO/230004441","Ready"
"INT/230042695","MO/230004442","Ready"
"INT/230042694","MO/230004443","Ready"
"INT/230042697","MO/230004445","Ready"
"INT/230042696","MO/230004444","Ready"
"INT/230042698","MO/230004446","Ready"
"INT/230042699","MO/230004447","Ready"
"INT/230042710","MO/230004449","Ready"
"INT/230042709","MO/230004448","Ready"
"INT/230042711","MO/230004450","Ready"
"INT/230042712","MO/230004451","Ready"
"INT/230042717","MO/230004452","Ready"
"INT/230042720","MO/230004455","Ready"
"INT/230042719","MO/230004454","Ready"
"INT/230042718","MO/230004453","Ready"
"INT/230042860","MO/230004456","Ready"
"INT/230042921","MO/230004460","Ready"
"INT/230044314","MO/230005005","Ready"
"INT/230044319","MO/230005009","Ready"
"INT/230044321","MO/230005011","Ready"
"INT/230044322","MO/230005012","Ready"
"INT/230044323","MO/230005013","Ready"
"INT/230044324","MO/230005014","Ready"
"INT/230044325","MO/230005015","Ready"
"INT/230044338","MO/230005022","Ready"
"INT/230044337","MO/230005021","Ready"
"INT/230046617","MO/230005027","Ready"
"INT/230047951","MO/230005030","Ready"
"INT/230044352","MO/230005031","Ready"
"INT/230047393","MO/230005037","Ready"
"INT/230044404","MO/230005041","Ready"
"INT/230044403","MO/230005040","Ready"
"INT/230044406","MO/230005043","Ready"
"INT/230044412","MO/230005045","Ready"
"INT/230044414","MO/230005047","Ready"
"INT/230044413","MO/230005046","Ready"
"INT/230044416","MO/230005048","Ready"
"INT/230044426","MO/230005053","Ready"
"INT/230044427","MO/230005054","Ready"
"INT/230044428","MO/230005055","Ready"
"INT/230044429","MO/230005056","Ready"
"INT/230044431","MO/230005057","Ready"
"INT/230044504","MO/230005059","Ready"
"INT/230044521","MO/230005061","Ready"
"INT/230044522","MO/230005062","Ready"
"INT/230044524","MO/230005063","Ready"
"INT/230044525","MO/230005064","Ready"
"INT/230044527","MO/230005066","Ready"
"INT/230044528","MO/230005067","Ready"
"INT/230044529","MO/230005068","Ready"
"INT/230044530","MO/230005069","Ready"
"INT/230044585","MO/230005072","Ready"
"INT/230044587","MO/230005073","Ready"
"INT/230044588","MO/230005074","Ready"
"INT/230044591","MO/230005075","Ready"
"INT/230044592","MO/230005076","Ready"
"INT/230044594","MO/230005077","Ready"
"INT/230044601","MO/230005078","Ready"
"INT/230044602","MO/230005079","Ready"
"INT/230044604","MO/230005080","Ready"
"INT/230044608","MO/230005084","Ready"
"INT/230044620","MO/230005091","Ready"
"INT/230044623","MO/230005092","Ready"
"INT/230044635","MO/230005096","Ready"
"INT/230044639","MO/230005098","Ready"
"INT/230044638","MO/230005097","Ready"
"INT/230044640","MO/230005099","Ready"
"INT/230044646","MO/230005100","Ready"
"INT/230044652","MO/230005102","Ready"
"INT/230044651","MO/230005101","Ready"
"INT/230044657","MO/230005103","Ready"
"INT/230044659","MO/230005104","Ready"
"INT/230044676","MO/230005107","Ready"
"INT/230044688","MO/230005109","Ready"
"INT/230044700","MO/230005112","Ready"
"INT/230044703","MO/230005113","Ready"
"INT/230044705","MO/230005114","Ready"
"INT/230044707","MO/230005116","Ready"
"INT/230044708","MO/230005117","Ready"
"INT/230044710","MO/230005118","Ready"
"INT/230044714","MO/230005121","Ready"
"INT/230044713","MO/230005120","Ready"
"INT/230044715","MO/230005122","Ready"
"INT/230044716","MO/230005123","Ready"
"INT/230044719","MO/230005125","Ready"
"INT/230044722","MO/230005127","Ready"
"INT/230044723","MO/230005128","Ready"
"INT/230044725","MO/230005129","Ready"
"INT/230044726","MO/230005130","Ready"
"INT/230044728","MO/230005131","Ready"
"INT/230044731","MO/230005132","Ready"
"INT/230044735","MO/230005134","Ready"
"INT/230044742","MO/230005138","Ready"
"INT/230044744","MO/230005139","Ready"
"INT/230044749","MO/230005140","Ready"
"INT/230044753","MO/230005141","Ready"
"INT/230044754","MO/230005142","Ready"
"INT/230044835","MO/230005144","Ready"
"INT/230044837","MO/230005145","Ready"
"INT/230044840","MO/230005146","Ready"
"INT/230044844","MO/230005148","Ready"
"INT/230044859","MO/230005153","Ready"
"INT/230044861","MO/230005155","Ready"
"INT/230044860","MO/230005154","Ready"
"INT/230044862","MO/230005156","Ready"
"INT/230044882","MO/230005158","Ready"
"INT/230044884","MO/230005160","Ready"
"INT/230044883","MO/230005159","Ready"
"INT/230044885","MO/230005161","Ready"
"INT/230044886","MO/230005162","Ready"
"INT/230044888","MO/230005164","Ready"
"INT/230044887","MO/230005163","Ready"
"INT/230044889","MO/230005165","Ready"
"INT/230044891","MO/230005167","Ready"
"INT/230044890","MO/230005166","Ready"
"INT/230044893","MO/230005169","Ready"
"INT/230044892","MO/230005168","Ready"
"INT/230044897","MO/230005171","Ready"
"INT/230044896","MO/230005170","Ready"
"INT/230044898","MO/230005172","Ready"
"INT/230044900","MO/230005173","Ready"
"INT/230044901","MO/230005174","Ready"
"INT/230044924","MO/230005176","Ready"
"INT/230044949","MO/230005180","Ready"
"INT/230044959","MO/230005185","Ready"
"INT/230045008","MO/230005188","Ready"
"INT/230045042","MO/230005194","Ready"
"INT/230045043","MO/230005195","Ready"
"INT/230045271","MO/230005201","Ready"
"INT/230046782","MO/230005202","Ready"
"INT/230045280","MO/230005204","Ready"
"INT/230045282","MO/230005206","Ready"
"INT/230045281","MO/230005205","Ready"
"INT/230045468","MO/230005209","Ready"
"INT/230045467","MO/230005208","Ready"
"INT/230045528","MO/230005212","Ready"
"INT/230050253","MO/230005213","Ready"
"INT/230045676","MO/230005214","Ready"
"INT/230045679","MO/230005215","Ready"
"INT/230045698","MO/230005216","Ready"
"INT/230045699","MO/230005217","Ready"
"INT/230045700","MO/230005218","Ready"
"INT/230045702","MO/230005219","Ready"
"INT/230045704","MO/230005220","Ready"
"INT/230045706","MO/230005221","Ready"
"INT/230045708","MO/230005222","Ready"
"INT/230045710","MO/230005223","Ready"
"INT/230045713","MO/230005224","Ready"
"INT/230045716","MO/230005225","Ready"
"INT/230045722","MO/230005226","Ready"
"INT/230045724","MO/230005227","Ready"
"INT/230045726","MO/230005228","Ready"
"INT/230045727","MO/230005229","Ready"
"INT/230045728","MO/230005230","Ready"
"INT/230045729","MO/230005231","Ready"
"INT/230045731","MO/230005232","Ready"
"INT/230045732","MO/230005233","Ready"
"INT/230045733","MO/230005234","Ready"
"INT/230045734","MO/230005235","Ready"
"INT/230045736","MO/230005236","Ready"
"INT/230045738","MO/230005237","Ready"
"INT/230045840","MO/230005240","Ready"
"INT/230045841","MO/230005241","Ready"
"INT/230045842","MO/230005242","Ready"
"INT/230045856","MO/230005245","Ready"
"INT/230045855","MO/230005244","Ready"
"INT/230045858","MO/230005247","Ready"
"INT/230045857","MO/230005246","Ready"
"INT/230045916","MO/230005248","Ready"
"INT/230045944","MO/230005249","Ready"
"INT/230045945","MO/230005250","Ready"
"INT/230045948","MO/230005251","Ready"
"INT/230045949","MO/230005252","Ready"
"INT/230045950","MO/230005253","Ready"
"INT/230045951","MO/230005254","Ready"
"INT/230045952","MO/230005255","Ready"
"INT/230045955","MO/230005256","Ready"
"INT/230045956","MO/230005257","Ready"
"INT/230045959","MO/230005258","Ready"
"INT/230045960","MO/230005259","Ready"
"INT/230045961","MO/230005260","Ready"
"INT/230045962","MO/230005261","Ready"
"INT/230045963","MO/230005262","Ready"
"INT/230048081","MO/230005265","Waiting"
"INT/230048086","MO/230005267","Waiting"
"INT/230048089","MO/230005268","Waiting"
"INT/230048091","MO/230005269","Waiting"
"INT/230048093","MO/230005270","Waiting"
"INT/230048096","MO/230005271","Waiting"
"INT/230048115","MO/230005273","Waiting"
"INT/230048116","MO/230005274","Waiting"
"INT/230048119","MO/230005275","Waiting"
"INT/230048120","MO/230005276","Waiting"
"INT/230048121","MO/230005277","Waiting"
"INT/230048124","MO/230005278","Waiting"
"INT/230048129","MO/230005279","Waiting"
"INT/230048143","MO/230005280","Waiting"
"INT/230048144","MO/230005281","Ready"
"INT/230048145","MO/230005282","Waiting"
"INT/230048147","MO/230005284","Waiting"
"INT/230048146","MO/230005283","Waiting"
"INT/230048148","MO/230005285","Waiting"
"INT/230048150","MO/230005286","Waiting"
"INT/230048149","MO/230005287","Waiting"
"INT/230048151","MO/230005288","Waiting"
"INT/230048153","MO/230005290","Waiting"
"INT/230048152","MO/230005289","Waiting"
"INT/230048154","MO/230005291","Waiting"
"INT/230048155","MO/230005292","Waiting"
"INT/230048157","MO/230005294","Waiting"
"INT/230048156","MO/230005293","Waiting"
"INT/230048159","MO/230005296","Waiting"
"INT/230048158","MO/230005295","Waiting"
"INT/230048161","MO/230005297","Waiting"
"INT/230048160","MO/230005298","Waiting"
"INT/230048162","MO/230005299","Waiting"
"INT/230048164","MO/230005301","Waiting"
"INT/230048166","MO/230005303","Waiting"
"INT/230048165","MO/230005302","Waiting"
"INT/230048168","MO/230005305","Waiting"
"INT/230048167","MO/230005304","Waiting"
"INT/230048169","MO/230005306","Waiting"
"INT/230048170","MO/230005307","Waiting"
"INT/230048171","MO/230005308","Waiting"
"INT/230048176","MO/230005312","Waiting"
"INT/230048179","MO/230005313","Waiting"
"INT/230048182","MO/230005314","Waiting"
"INT/230048183","MO/230005315","Waiting"
"INT/230048184","MO/230005316","Waiting"
"INT/230048187","MO/230005317","Waiting"
"INT/230048189","MO/230005318","Waiting"
"INT/230048191","MO/230005319","Waiting"
"INT/230048192","MO/230005320","Waiting"
"INT/230048198","MO/230005321","Waiting"
"INT/230048200","MO/230005322","Waiting"
"INT/230048202","MO/230005323","Waiting"
"INT/230048204","MO/230005324","Waiting"
"INT/230048205","MO/230005325","Waiting"
"INT/230048206","MO/230005326","Waiting"
"INT/230048209","MO/230005327","Waiting"
"INT/230048211","MO/230005328","Waiting"
"INT/230048213","MO/230005329","Waiting"
"INT/230048217","MO/230005330","Waiting"
"INT/230048220","MO/230005331","Waiting"
"INT/230048221","MO/230005332","Waiting"
"INT/230048223","MO/230005333","Waiting"
"INT/230048226","MO/230005334","Waiting"
"INT/230048230","MO/230005335","Waiting"
"INT/230048232","MO/230005336","Waiting"
"INT/230048234","MO/230005337","Waiting"
"INT/230048235","MO/230005338","Waiting"
"INT/230048237","MO/230005339","Waiting"
"INT/230048239","MO/230005340","Waiting"
"INT/230048240","MO/230005341","Waiting"
"INT/230048325","MO/230005342","Waiting"
"INT/230048338","MO/230005344","Waiting"
"INT/230048339","MO/230005345","Waiting"
"INT/230048340","MO/230005346","Waiting"
"INT/230048342","MO/230005347","Waiting"
"INT/230048347","MO/230005348","Waiting"
"INT/230048351","MO/230005349","Waiting"
"INT/230048354","MO/230005350","Waiting"
"INT/230048355","MO/230005351","Waiting"
"INT/230048357","MO/230005352","Waiting"
"INT/230048358","MO/230005353","Waiting"
"INT/230048360","MO/230005354","Waiting"
"INT/230048362","MO/230005355","Waiting"
"INT/230048365","MO/230005356","Waiting"
"INT/230048367","MO/230005357","Waiting"
"INT/230048370","MO/230005359","Waiting"
"INT/230048371","MO/230005360","Waiting"
"INT/230048375","MO/230005361","Waiting"
"INT/230048377","MO/230005362","Waiting"
"INT/230048379","MO/230005363","Waiting"
"INT/230048382","MO/230005364","Waiting"
"INT/230048400","MO/230005367","Waiting"
"INT/230048399","MO/230005366","Waiting"
"INT/230048398","MO/230005365","Waiting"
"INT/230048401","MO/230005368","Waiting"
"INT/230048402","MO/230005369","Waiting"
"INT/230048403","MO/230005370","Waiting"
"INT/230048407","MO/230005371","Waiting"
"INT/230048412","MO/230005372","Waiting"
"INT/230048595","MO/230005373","Waiting"
"INT/230048858","MO/230005379","Waiting"
"INT/230048859","MO/230005380","Waiting"
"INT/230048870","MO/230005382","Waiting"
"INT/230048869","MO/230005381","Waiting"
"INT/230048872","MO/230005383","Waiting"
"INT/230048871","MO/230005384","Waiting"
"INT/230048875","MO/230005386","Waiting"
"INT/230048874","MO/230005385","Waiting"
"INT/230048876","MO/230005388","Waiting"
"INT/230048877","MO/230005387","Waiting"
"INT/230048882","MO/230005389","Waiting"
"INT/230048884","MO/230005391","Waiting"
"INT/230049004","MO/230005392","Waiting"
"INT/230049010","MO/230005393","Waiting"
"INT/230049171","MO/230005439","Waiting"
"INT/230049172","MO/230005440","Waiting"
"INT/230049223","MO/230005442","Waiting"
"INT/230049224","MO/230005443","Waiting"
"INT/230049227","MO/230005446","Waiting"
"INT/230049226","MO/230005445","Waiting"
"INT/230049228","MO/230005447","Waiting"
"INT/230049229","MO/230005448","Waiting"
"INT/230049230","MO/230005449","Waiting"
"INT/230049231","MO/230005450","Waiting"
"INT/230049232","MO/230005451","Waiting"
"INT/230049233","MO/230005452","Waiting"
"INT/230049234","MO/230005453","Waiting"
"INT/230049235","MO/230005454","Waiting"
"INT/230049236","MO/230005455","Waiting"
"INT/230049237","MO/230005456","Waiting"
"INT/230049238","MO/230005457","Waiting"
"INT/230049239","MO/230005458","Waiting"
"INT/230049240","MO/230005459","Waiting"
"INT/230049241","MO/230005460","Waiting"
"INT/230049242","MO/230005461","Waiting"
"INT/230049243","MO/230005462","Waiting"
"INT/230049244","MO/230005463","Waiting"
"INT/230049245","MO/230005464","Waiting"
"INT/230049246","MO/230005465","Waiting"
"INT/230049248","MO/230005467","Waiting"
"INT/230049247","MO/230005466","Waiting"
"INT/230049336","MO/230005517","Waiting"
"INT/230049357","MO/230005518","Waiting"
"INT/230049546","MO/230005524","Waiting"
"INT/230049630","MO/230005526","Waiting"
"INT/230049636","MO/230005527","Waiting"
"INT/230049723","MO/230005529","Waiting"
"INT/230049727","MO/230005530","Waiting"
"INT/230049730","MO/230005531","Waiting"
"INT/230049745","MO/230005532","Waiting"
"INT/230049751","MO/230005535","Waiting"
"INT/230049794","MO/230005543","Waiting"
"INT/230049797","MO/230005544","Waiting"
"INT/230049818","MO/230005545","Waiting"
"INT/230049821","MO/230005546","Waiting"
"INT/230049822","MO/230005547","Waiting"
"INT/230049848","MO/230005548","Waiting"
"INT/230049853","MO/230005549","Waiting"
"INT/230049856","MO/230005550","Waiting"
"INT/230049864","MO/230005551","Waiting"
"INT/230049873","MO/230005553","Waiting"
"INT/230049872","MO/230005552","Waiting"
"INT/230049876","MO/230005554","Waiting"
"INT/230049877","MO/230005555","Waiting"
"INT/230049878","MO/230005556","Waiting"
"INT/230049879","MO/230005557","Waiting"
"INT/230049884","MO/230005558","Waiting"
"INT/230049887","MO/230005559","Waiting"
"INT/230049917","MO/230005560","Waiting"
